{
  "BERT Baseline": {
    "model_name": "BERT Baseline",
    "accuracy": 0.8994845360824743,
    "precision": 0.9042157719432484,
    "recall": 0.8994845360824743,
    "f1": 0.9007678917953578,
    "f1_macro": 0.886552259283417,
    "confusion_matrix": [
      [
        218,
        26
      ],
      [
        52,
        480
      ]
    ],
    "classification_report": "              precision    recall  f1-score   support\n\n          负面     0.8074    0.8934    0.8482       244\n          正面     0.9486    0.9023    0.9249       532\n\n    accuracy                         0.8995       776\n   macro avg     0.8780    0.8978    0.8866       776\nweighted avg     0.9042    0.8995    0.9008       776\n"
  },
  "BERT + SFT": {
    "model_name": "BERT + SFT",
    "accuracy": 0.904639175257732,
    "precision": 0.906671116093317,
    "recall": 0.904639175257732,
    "f1": 0.9053331690420449,
    "f1_macro": 0.8910567254790362,
    "confusion_matrix": [
      [
        214,
        30
      ],
      [
        44,
        488
      ]
    ],
    "classification_report": "              precision    recall  f1-score   support\n\n          负面     0.8295    0.8770    0.8526       244\n          正面     0.9421    0.9173    0.9295       532\n\n    accuracy                         0.9046       776\n   macro avg     0.8858    0.8972    0.8911       776\nweighted avg     0.9067    0.9046    0.9053       776\n"
  },
  "BERT + SFT + DPO": {
    "model_name": "BERT + SFT + DPO",
    "accuracy": 0.8827319587628866,
    "precision": 0.9042745009088906,
    "recall": 0.8827319587628866,
    "f1": 0.8859868516199346,
    "f1_macro": 0.8727839059462751,
    "confusion_matrix": [
      [
        234,
        10
      ],
      [
        81,
        451
      ]
    ],
    "classification_report": "              precision    recall  f1-score   support\n\n          负面     0.7429    0.9590    0.8372       244\n          正面     0.9783    0.8477    0.9084       532\n\n    accuracy                         0.8827       776\n   macro avg     0.8606    0.9034    0.8728       776\nweighted avg     0.9043    0.8827    0.8860       776\n"
  }
}