{
  "BERT Baseline": {
    "model_name": "BERT Baseline",
    "accuracy": 0.8943298969072165,
    "precision": 0.9059265220278688,
    "recall": 0.8943298969072165,
    "f1": 0.8965652498930786,
    "f1_macro": 0.8831531319779058,
    "confusion_matrix": [
      [
        227,
        17
      ],
      [
        65,
        467
      ]
    ],
    "classification_report": "              precision    recall  f1-score   support\n\n          负面     0.7774    0.9303    0.8470       244\n          正面     0.9649    0.8778    0.9193       532\n\n    accuracy                         0.8943       776\n   macro avg     0.8711    0.9041    0.8832       776\nweighted avg     0.9059    0.8943    0.8966       776\n"
  },
  "BERT + SFT": {
    "model_name": "BERT + SFT",
    "accuracy": 0.9188144329896907,
    "precision": 0.9187274040038547,
    "recall": 0.9188144329896907,
    "f1": 0.9187691955411632,
    "f1_macro": 0.9057408103652718,
    "confusion_matrix": [
      [
        212,
        32
      ],
      [
        31,
        501
      ]
    ],
    "classification_report": "              precision    recall  f1-score   support\n\n          负面     0.8724    0.8689    0.8706       244\n          正面     0.9400    0.9417    0.9408       532\n\n    accuracy                         0.9188       776\n   macro avg     0.9062    0.9053    0.9057       776\nweighted avg     0.9187    0.9188    0.9188       776\n"
  },
  "BERT + SFT + DPO": {
    "model_name": "BERT + SFT + DPO",
    "accuracy": 0.913659793814433,
    "precision": 0.9198871523239266,
    "recall": 0.913659793814433,
    "f1": 0.9150123982683975,
    "f1_macro": 0.9032078503065246,
    "confusion_matrix": [
      [
        227,
        17
      ],
      [
        50,
        482
      ]
    ],
    "classification_report": "              precision    recall  f1-score   support\n\n          负面     0.8195    0.9303    0.8714       244\n          正面     0.9659    0.9060    0.9350       532\n\n    accuracy                         0.9137       776\n   macro avg     0.8927    0.9182    0.9032       776\nweighted avg     0.9199    0.9137    0.9150       776\n"
  }
}